Fecha,Nivel de agua,Temperatura de agua,Conductividad El√©ctrica,Nivel de bateria
2024-04-23 12:00:00,2.11,7.62,65.15,14.38
2024-04-23 12:05:00,2.11,7.62,65.15,14.38
2024-04-23 12:10:00,2.11,7.64,65.18,14.38
2024-04-23 12:15:00,2.1,7.65,65.22,14.38
2024-04-23 12:20:00,2.1,7.65,65.28,13.87
2024-04-23 12:25:00,2.11,7.65,65.18,13.79
2024-04-23 12:30:00,2.11,7.65,65.26,13.64
2024-04-23 12:35:00,2.11,7.65,65.39,13.56
2024-04-23 12:40:00,2.11,7.65,65.47,13.54
2024-04-23 12:45:00,2.11,7.65,65.54,13.69
2024-04-23 12:50:00,2.1,7.65,65.58,14.12
2024-04-23 12:55:00,2.1,7.65,65.65,14.38
2024-04-23 11:00:00,2.13,7.5,64.43,14.37
2024-04-23 11:05:00,2.13,7.5,64.51,14.37
2024-04-23 11:10:00,2.13,7.5,64.56,14.38
2024-04-23 11:15:00,2.13,7.51,64.61,14.37
2024-04-23 11:20:00,2.12,7.51,64.68,14.38
2024-04-23 11:25:00,2.12,7.52,64.74,14.38
2024-04-23 11:30:00,2.12,7.53,64.79,14.37
2024-04-23 11:35:00,2.12,7.55,64.85,14.38
2024-04-23 11:40:00,2.12,7.56,64.89,14.38
2024-04-23 11:45:00,2.11,7.57,64.94,14.38
2024-04-23 11:50:00,2.11,7.59,65.0,14.38
2024-04-23 11:55:00,2.11,7.6,65.04,14.38
2024-04-23 10:00:00,2.16,7.36,63.78,14.37
2024-04-23 10:05:00,2.16,7.36,63.78,14.37
2024-04-23 10:10:00,2.15,7.36,63.87,14.37
2024-04-23 10:15:00,2.15,7.37,63.91,13.77
2024-04-23 10:20:00,2.15,7.39,63.98,14.37
2024-04-23 10:25:00,2.15,7.41,64.03,14.37
2024-04-23 10:30:00,2.15,7.44,64.08,14.37
2024-04-23 10:35:00,2.14,7.45,64.17,14.38
2024-04-23 10:40:00,2.14,7.47,64.22,14.38
2024-04-23 10:45:00,2.14,7.49,64.26,14.38
2024-04-23 10:50:00,2.14,7.5,64.32,14.37
2024-04-23 10:55:00,2.14,7.5,64.36,14.37
2024-04-23 08:00:00,2.21,6.61,62.78,14.35
2024-04-23 08:05:00,2.21,6.61,62.78,14.35
2024-04-23 08:10:00,2.21,6.63,62.81,14.36
2024-04-23 08:15:00,2.21,6.65,62.87,14.37
2024-04-23 08:20:00,2.2,6.67,62.93,14.36
2024-04-23 08:25:00,2.2,6.7,62.96,14.37
2024-04-23 08:30:00,2.2,6.72,63.01,14.36
2024-04-23 08:35:00,2.2,6.74,63.05,14.37
2024-04-23 08:40:00,2.2,6.78,63.1,14.37
2024-04-23 08:45:00,2.19,6.83,63.14,14.36
2024-04-23 08:50:00,2.19,6.88,63.18,14.37
2024-04-23 08:55:00,2.19,6.93,63.19,14.38
2024-04-23 04:00:00,2.35,6.49,60.33,12.88
2024-04-23 04:05:00,2.35,6.49,60.33,12.88
2024-04-23 04:10:00,2.35,6.48,60.4,12.89
2024-04-23 04:15:00,2.35,6.48,60.46,12.89
2024-04-23 04:20:00,2.34,6.47,60.53,12.89
2024-04-23 04:25:00,2.34,6.46,60.6,12.89
2024-04-23 04:30:00,2.34,6.46,60.69,12.88
2024-04-23 04:35:00,2.34,6.45,60.76,12.89
2024-04-23 04:40:00,2.33,6.44,60.84,12.89
2024-04-23 04:45:00,2.33,6.43,60.91,12.88
2024-04-23 04:50:00,2.32,6.43,60.96,12.88
2024-04-23 04:55:00,2.32,6.42,61.03,12.88
2024-04-23 03:00:00,2.39,6.58,59.42,12.9
2024-04-23 03:05:00,2.39,6.57,59.5,12.89
2024-04-23 03:10:00,2.39,6.56,59.56,12.9
2024-04-23 03:15:00,2.38,6.54,59.62,12.91
2024-04-23 03:20:00,2.38,6.54,59.69,12.91
2024-04-23 03:25:00,2.38,6.53,59.76,12.9
2024-04-23 03:30:00,2.38,6.52,59.83,12.89
2024-04-23 03:35:00,2.37,6.52,59.9,12.9
2024-04-23 03:40:00,2.37,6.51,59.98,12.9
2024-04-23 03:45:00,2.37,6.5,60.05,12.9
2024-04-23 03:50:00,2.36,6.5,60.12,12.9
2024-04-23 03:55:00,2.36,6.49,60.19,12.89
2024-04-23 02:00:00,2.43,6.75,58.66,12.65
2024-04-23 02:05:00,2.43,6.75,58.66,12.65
2024-04-23 02:10:00,2.43,6.74,58.75,12.92
2024-04-23 02:15:00,2.43,6.72,58.83,12.92
2024-04-23 02:20:00,2.42,6.71,58.9,12.92
2024-04-23 02:25:00,2.42,6.69,58.96,12.91
2024-04-23 02:30:00,2.42,6.68,59.0,12.91
2024-04-23 02:35:00,2.41,6.66,59.06,12.92
2024-04-23 02:40:00,2.41,6.64,59.12,12.91
2024-04-23 02:45:00,2.4,6.63,59.19,12.91
2024-04-23 02:50:00,2.4,6.61,59.28,12.91
2024-04-23 02:55:00,2.4,6.59,59.35,12.91
2024-04-23 01:00:00,2.48,6.85,57.64,12.92
2024-04-23 01:05:00,2.48,6.84,57.71,12.92
2024-04-23 01:10:00,2.47,6.84,57.78,12.92
2024-04-23 01:15:00,2.47,6.84,57.87,12.67
2024-04-23 01:20:00,2.47,6.83,57.96,12.9
2024-04-23 01:25:00,2.46,6.83,58.03,12.67
2024-04-23 01:30:00,2.46,6.82,58.12,12.92
2024-04-23 01:35:00,2.46,6.81,58.19,12.92
2024-04-23 01:40:00,2.45,6.81,58.25,12.92
2024-04-23 01:45:00,2.45,6.8,58.34,12.92
2024-04-23 01:50:00,2.44,6.79,58.41,12.92
2024-04-23 01:55:00,2.44,6.78,58.49,12.92
2024-04-22 21:00:00,2.68,7.21,54.11,13.0
2024-04-22 21:05:00,2.67,7.2,54.19,12.99
2024-04-22 21:10:00,2.67,7.18,54.26,13.0
2024-04-22 21:15:00,2.66,7.16,54.37,13.0
2024-04-22 21:20:00,2.66,7.15,54.44,13.0
2024-04-22 21:25:00,2.65,7.13,54.55,13.0
2024-04-22 21:30:00,2.65,7.12,54.61,12.99
2024-04-22 21:35:00,2.65,7.11,54.68,12.99
2024-04-22 21:40:00,2.64,7.1,54.74,12.99
2024-04-22 21:45:00,2.64,7.09,54.81,12.75
2024-04-22 21:50:00,2.63,7.09,54.87,12.99
2024-04-22 21:55:00,2.63,7.07,54.98,12.98
2024-04-23 00:00:00,2.52,6.87,56.75,12.92
2024-04-23 00:05:00,2.52,6.87,56.75,12.92
2024-04-23 00:10:00,2.52,6.86,56.82,12.95
2024-04-23 00:15:00,2.52,6.86,56.9,12.95
2024-04-23 00:20:00,2.51,6.86,56.99,12.94
2024-04-23 00:25:00,2.51,6.85,57.07,12.94
2024-04-23 00:30:00,2.5,6.85,57.12,12.92
2024-04-23 00:35:00,2.5,6.85,57.21,12.94
2024-04-23 00:40:00,2.49,6.85,57.3,12.94
2024-04-23 00:45:00,2.49,6.85,57.39,12.94
2024-04-23 00:50:00,2.49,6.85,57.46,12.94
2024-04-23 00:55:00,2.48,6.85,57.55,12.94
2024-04-22 20:00:00,2.73,7.35,53.19,13.02
2024-04-22 20:05:00,2.73,7.35,53.19,13.02
2024-04-22 20:10:00,2.72,7.34,53.28,13.03
2024-04-22 20:15:00,2.72,7.33,53.36,13.03
2024-04-22 20:20:00,2.72,7.32,53.44,13.03
2024-04-22 20:25:00,2.71,7.31,53.53,13.02
2024-04-22 20:30:00,2.7,7.29,53.61,13.0
2024-04-22 20:35:00,2.7,7.28,53.69,13.02
2024-04-22 20:40:00,2.7,7.27,53.78,13.0
2024-04-22 20:45:00,2.69,7.25,53.86,13.0
2024-04-22 20:50:00,2.69,7.24,53.94,13.0
2024-04-22 20:55:00,2.68,7.23,54.01,13.0
2024-04-22 19:00:00,2.79,7.54,52.21,13.07
2024-04-22 19:05:00,2.78,7.53,52.28,13.06
2024-04-22 19:10:00,2.78,7.51,52.37,13.06
2024-04-22 19:15:00,2.77,7.49,52.46,13.06
2024-04-22 19:20:00,2.77,7.48,52.53,13.06
2024-04-22 19:25:00,2.76,7.46,52.59,13.04
2024-04-22 19:30:00,2.76,7.45,52.66,13.04
2024-04-22 19:35:00,2.75,7.43,52.73,13.04
2024-04-22 19:40:00,2.75,7.42,52.81,13.04
2024-04-22 19:45:00,2.75,7.41,52.91,13.04
2024-04-22 19:50:00,2.74,7.39,52.98,13.04
2024-04-22 19:55:00,2.73,7.38,53.05,13.04
2024-04-22 17:00:00,2.89,7.94,50.46,14.38
2024-04-22 17:05:00,2.89,7.93,50.5,14.38
2024-04-22 17:10:00,2.88,7.92,50.5,14.38
2024-04-22 17:15:00,2.88,7.92,50.5,14.38
2024-04-22 17:20:00,2.88,7.91,50.57,14.38
2024-04-22 17:25:00,2.88,7.9,50.62,14.38
2024-04-22 17:30:00,2.87,7.88,50.7,14.38
2024-04-22 17:35:00,2.87,7.87,50.77,14.04
2024-04-22 17:40:00,2.87,7.84,50.82,13.83
2024-04-22 17:45:00,2.86,7.83,50.89,13.64
2024-04-22 17:50:00,2.86,7.81,50.96,13.49
2024-04-22 17:55:00,2.86,7.79,51.03,13.38
2024-04-22 16:00:00,2.91,7.89,50.28,14.37
2024-04-22 16:05:00,2.91,7.89,50.28,14.37
2024-04-22 16:10:00,2.91,7.9,50.31,14.38
2024-04-22 16:15:00,2.91,7.9,50.32,14.38
2024-04-22 16:20:00,2.91,7.91,50.31,14.39
2024-04-22 16:25:00,2.91,7.92,50.3,14.38
2024-04-22 16:30:00,2.91,7.92,50.31,14.38
2024-04-22 16:35:00,2.91,7.93,50.33,14.38
2024-04-22 16:40:00,2.9,7.94,50.37,14.38
2024-04-22 16:45:00,2.9,7.94,50.41,14.38
2024-04-22 16:50:00,2.89,7.94,50.43,14.38
2024-04-22 16:55:00,2.9,7.94,50.44,14.38
2024-04-22 15:00:00,2.92,7.98,49.53,14.37
2024-04-22 15:05:00,2.92,7.97,49.57,14.37
2024-04-22 15:10:00,2.92,7.95,49.6,14.38
2024-04-22 15:15:00,2.91,7.94,49.62,14.38
2024-04-22 15:20:00,2.91,7.93,49.67,14.38
2024-04-22 15:25:00,2.91,7.91,49.76,14.38
2024-04-22 15:30:00,2.91,7.9,49.87,14.38
2024-04-22 15:35:00,2.91,7.89,50.0,14.38
2024-04-22 15:40:00,2.91,7.89,50.08,14.38
2024-04-22 15:45:00,2.91,7.88,50.15,14.38
2024-04-22 15:50:00,2.91,7.88,50.2,14.38
2024-04-22 15:55:00,2.91,7.88,50.21,14.38
2024-04-22 13:00:00,2.98,7.52,48.85,14.38
2024-04-22 13:05:00,2.98,7.53,48.85,14.37
2024-04-22 13:10:00,2.98,7.55,48.87,14.37
2024-04-22 13:15:00,2.98,7.56,48.9,14.38
2024-04-22 13:20:00,2.98,7.58,48.9,14.37
2024-04-22 13:25:00,2.98,7.6,48.93,14.38
2024-04-22 13:30:00,2.98,7.62,48.96,14.38
2024-04-22 13:35:00,2.97,7.64,48.99,14.38
2024-04-22 13:40:00,2.97,7.66,49.03,14.38
2024-04-22 13:45:00,2.97,7.68,49.18,14.38
2024-04-22 13:50:00,2.97,7.7,49.06,14.38
2024-04-22 13:55:00,2.96,7.73,49.08,14.37
2024-04-22 11:00:00,2.93,7.01,50.31,14.37
2024-04-22 11:05:00,2.93,7.02,50.28,14.36
2024-04-22 11:10:00,2.94,7.04,50.26,14.36
2024-04-22 11:15:00,2.94,7.06,50.19,14.37
2024-04-22 11:20:00,2.94,7.09,50.12,14.37
2024-04-22 11:25:00,2.94,7.11,50.05,14.37
2024-04-22 11:30:00,2.94,7.14,49.95,14.38
2024-04-22 11:35:00,2.95,7.16,49.87,14.37
2024-04-22 11:40:00,2.95,7.19,49.78,14.37
2024-04-22 11:45:00,2.96,7.22,49.71,14.37
2024-04-22 11:50:00,2.96,7.24,49.59,14.38
2024-04-22 11:55:00,2.96,7.27,49.5,14.37
2024-04-22 10:00:00,2.94,6.91,50.25,13.77
2024-04-22 10:05:00,2.94,6.91,50.25,13.77
2024-04-22 10:10:00,2.93,6.92,50.27,13.71
2024-04-22 10:15:00,2.93,6.93,50.31,13.7
2024-04-22 10:20:00,2.93,6.94,50.36,13.75
2024-04-22 10:25:00,2.93,6.95,50.4,13.85
2024-04-22 10:30:00,2.93,6.96,50.42,13.79
2024-04-22 10:35:00,2.93,6.96,50.41,13.83
2024-04-22 10:40:00,2.93,6.97,50.4,14.19
2024-04-22 10:45:00,2.93,6.98,50.39,14.36
2024-04-22 10:50:00,2.93,6.99,50.37,14.36
2024-04-22 10:55:00,2.93,7.0,50.34,14.36
2024-04-22 09:00:00,2.98,6.71,49.53,14.14
2024-04-22 09:05:00,2.98,6.73,49.61,14.17
2024-04-22 09:10:00,2.97,6.76,49.68,14.28
2024-04-22 09:15:00,2.97,6.78,49.74,14.02
2024-04-22 09:20:00,2.97,6.79,49.81,13.92
2024-04-22 09:25:00,2.96,6.81,49.87,13.84
2024-04-22 09:30:00,2.96,6.82,49.93,13.77
2024-04-22 09:35:00,2.95,6.84,49.99,13.75
2024-04-22 09:40:00,2.95,6.85,50.03,13.96
2024-04-22 09:45:00,2.95,6.87,50.09,14.32
2024-04-22 09:50:00,2.95,6.88,50.12,13.56
2024-04-22 09:55:00,2.94,6.89,50.15,13.99
2024-04-22 08:00:00,3.03,6.45,48.83,13.75
2024-04-22 08:05:00,3.03,6.45,48.83,13.75
2024-04-22 08:10:00,3.03,6.46,48.9,13.9
2024-04-22 08:15:00,3.02,6.48,48.96,14.04
2024-04-22 08:20:00,3.02,6.51,49.03,14.25
2024-04-22 08:25:00,3.01,6.53,49.09,14.32
2024-04-22 08:30:00,3.0,6.55,49.15,14.35
2024-04-22 08:35:00,2.99,6.58,49.21,14.29
2024-04-22 08:40:00,2.99,6.61,49.28,14.27
2024-04-22 08:45:00,2.98,6.64,49.34,14.23
2024-04-22 08:50:00,2.99,6.66,49.4,14.12
2024-04-22 08:55:00,2.99,6.68,49.46,14.08
2024-04-22 03:00:00,3.4,6.43,44.53,12.71
2024-04-22 03:05:00,3.4,6.43,44.58,12.71
2024-04-22 03:10:00,3.39,6.42,44.58,12.71
2024-04-22 03:15:00,3.39,6.42,44.61,12.71
2024-04-22 03:20:00,3.39,6.41,44.66,12.71
2024-04-22 03:25:00,3.38,6.41,44.71,12.71
2024-04-22 03:30:00,3.37,6.41,44.77,12.71
2024-04-22 03:35:00,3.35,6.4,44.82,12.71
2024-04-22 03:40:00,3.35,6.4,44.87,12.71
2024-04-22 03:45:00,3.34,6.4,44.94,12.71
2024-04-22 03:50:00,3.33,6.41,45.0,12.71
2024-04-22 03:55:00,3.33,6.41,45.05,12.71
2024-04-22 02:00:00,3.49,6.44,44.75,12.71
2024-04-22 02:05:00,3.49,6.44,44.75,12.71
2024-04-22 02:10:00,3.48,6.44,44.68,12.73
2024-04-22 02:15:00,3.49,6.44,44.58,12.73
2024-04-22 02:20:00,3.49,6.44,44.5,12.73
2024-04-22 02:25:00,3.47,6.44,44.35,12.73
2024-04-22 02:30:00,3.44,6.43,44.41,12.71
2024-04-22 02:35:00,3.46,6.43,44.4,12.71
2024-04-22 02:40:00,3.44,6.43,44.42,12.71
2024-04-22 02:45:00,3.44,6.43,44.44,12.71
2024-04-22 02:50:00,3.44,6.43,44.46,12.71
2024-04-22 02:55:00,3.41,6.43,44.48,12.71
2024-04-21 22:00:00,2.77,7.02,59.39,12.6
2024-04-21 22:05:00,2.77,7.02,59.39,12.6
2024-04-21 22:10:00,2.82,6.99,58.71,12.84
2024-04-21 22:15:00,2.86,6.97,58.21,12.84
2024-04-21 22:20:00,2.9,6.94,57.48,12.84
2024-04-21 22:25:00,2.93,6.91,56.69,12.83
2024-04-21 22:30:00,2.97,6.86,56.0,12.83
2024-04-21 22:35:00,3.02,6.82,55.44,12.83
2024-04-21 22:40:00,3.05,6.79,54.8,12.83
2024-04-21 22:45:00,3.08,6.76,54.08,12.83
2024-04-21 22:50:00,3.12,6.73,53.32,12.82
2024-04-21 22:55:00,3.16,6.69,52.53,12.82
2024-04-22 01:00:00,3.58,6.5,44.0,12.74
2024-04-22 01:05:00,3.54,6.49,44.06,12.74
2024-04-22 01:10:00,3.53,6.49,44.06,12.75
2024-04-22 01:15:00,3.52,6.49,44.12,12.75
2024-04-22 01:20:00,3.53,6.48,44.16,12.75
2024-04-22 01:25:00,3.53,6.48,44.2,12.46
2024-04-22 01:30:00,3.51,6.48,44.26,12.73
2024-04-22 01:35:00,3.51,6.47,44.34,12.74
2024-04-22 01:40:00,3.52,6.47,44.44,12.74
2024-04-22 01:45:00,3.52,6.46,44.55,12.74
2024-04-22 01:50:00,3.5,6.45,44.71,12.74
2024-04-22 01:55:00,3.51,6.45,44.8,12.73
2024-04-22 00:00:00,3.45,6.54,45.18,12.77
2024-04-22 00:05:00,3.45,6.54,45.18,12.77
2024-04-22 00:10:00,3.47,6.53,44.96,12.77
2024-04-22 00:15:00,3.49,6.53,44.67,12.77
2024-04-22 00:20:00,3.52,6.53,44.46,12.77
2024-04-22 00:25:00,3.53,6.52,44.26,12.75
2024-04-22 00:30:00,3.53,6.52,44.09,12.75
2024-04-22 00:35:00,3.55,6.52,43.96,12.75
2024-04-22 00:40:00,3.54,6.52,43.87,12.75
2024-04-22 00:45:00,3.55,6.51,43.81,12.75
2024-04-22 00:50:00,3.54,6.51,43.85,12.75
2024-04-22 00:55:00,3.55,6.5,43.96,12.75
2024-04-21 21:00:00,2.37,7.23,62.4,12.87
2024-04-21 21:05:00,2.38,7.22,62.4,12.86
2024-04-21 21:10:00,2.4,7.21,62.37,12.87
2024-04-21 21:15:00,2.42,7.19,62.3,12.87
2024-04-21 21:20:00,2.44,7.17,62.17,12.87
2024-04-21 21:25:00,2.45,7.16,62.01,12.87
2024-04-21 21:30:00,2.47,7.14,61.87,12.86
2024-04-21 21:35:00,2.5,7.13,61.69,12.86
2024-04-21 21:40:00,2.54,7.11,61.44,12.86
2024-04-21 21:45:00,2.58,7.09,61.18,12.86
2024-04-21 21:50:00,2.62,7.07,60.82,12.59
2024-04-21 21:55:00,2.67,7.06,60.41,12.85
2024-04-21 20:00:00,2.38,7.32,61.87,12.89
2024-04-21 20:05:00,2.38,7.32,61.87,12.89
2024-04-21 20:10:00,2.38,7.31,61.94,12.9
2024-04-21 20:15:00,2.37,7.31,62.03,12.9
2024-04-21 20:20:00,2.37,7.3,62.1,12.89
2024-04-21 20:25:00,2.37,7.29,62.19,12.89
2024-04-21 20:30:00,2.36,7.29,62.23,12.88
2024-04-21 20:35:00,2.36,7.28,62.28,12.89
2024-04-21 20:40:00,2.36,7.27,62.31,12.89
2024-04-21 20:45:00,2.36,7.26,62.35,12.88
2024-04-21 20:50:00,2.36,7.25,62.35,12.88
2024-04-21 20:55:00,2.37,7.24,62.34,12.88
2024-04-21 19:00:00,2.43,7.45,61.21,12.92
2024-04-21 19:05:00,2.43,7.44,61.23,12.91
2024-04-21 19:10:00,2.42,7.43,61.25,12.92
2024-04-21 19:15:00,2.42,7.42,61.28,12.92
2024-04-21 19:20:00,2.42,7.41,61.31,12.92
2024-04-21 19:25:00,2.41,7.4,61.35,12.91
2024-04-21 19:30:00,2.41,7.39,61.39,12.91
2024-04-21 19:35:00,2.4,7.38,61.46,12.91
2024-04-21 19:40:00,2.4,7.37,61.53,12.91
2024-04-21 19:45:00,2.4,7.36,61.6,12.91
2024-04-21 19:50:00,2.39,7.35,61.68,12.91
2024-04-21 19:55:00,2.39,7.34,61.77,12.9
2024-04-21 16:00:00,2.27,7.8,71.44,13.0
2024-04-21 16:05:00,2.27,7.8,71.44,13.0
2024-04-21 16:10:00,2.28,7.79,70.9,13.0
2024-04-21 16:15:00,2.3,7.78,70.4,13.0
2024-04-21 16:20:00,2.32,7.77,69.9,13.0
2024-04-21 16:25:00,2.34,7.77,69.36,13.0
2024-04-21 16:30:00,2.36,7.76,68.9,12.99
2024-04-21 16:35:00,2.38,7.77,68.43,13.0
2024-04-21 16:40:00,2.4,7.77,67.93,13.0
2024-04-21 16:45:00,2.41,7.76,67.44,13.0
2024-04-21 16:50:00,2.42,7.76,66.93,12.99
2024-04-21 16:55:00,2.42,7.75,66.33,12.99
2024-04-21 15:00:00,1.92,7.98,74.9,13.03
2024-04-21 15:05:00,1.94,7.98,74.86,13.02
2024-04-21 15:10:00,1.95,7.97,74.79,13.03
2024-04-21 15:15:00,1.97,7.96,74.67,13.03
2024-04-21 15:20:00,1.99,7.95,74.61,13.03
2024-04-21 15:25:00,2.02,7.94,74.51,13.03
2024-04-21 15:30:00,2.05,7.93,74.33,13.02
2024-04-21 15:35:00,2.08,7.91,74.11,13.02
2024-04-21 15:40:00,2.12,7.88,73.81,13.02
2024-04-21 15:45:00,2.15,7.86,73.43,13.02
2024-04-21 15:50:00,2.19,7.84,73.01,13.02
2024-04-21 15:55:00,2.22,7.83,72.51,13.02
2024-04-21 14:00:00,1.87,8.12,74.9,13.1
2024-04-21 14:05:00,1.87,8.12,74.9,13.1
2024-04-21 14:10:00,1.87,8.12,75.0,13.1
2024-04-21 14:15:00,1.87,8.1,75.08,13.1
2024-04-21 14:20:00,1.87,8.09,75.11,13.07
2024-04-21 14:25:00,1.87,8.08,75.17,13.06
2024-04-21 14:30:00,1.87,8.05,75.1,13.04
2024-04-21 14:35:00,1.87,8.04,75.0,13.04
2024-04-21 14:40:00,1.87,8.01,74.92,13.04
2024-04-21 14:45:00,1.88,8.01,74.9,13.04
2024-04-21 14:50:00,1.89,7.99,74.86,13.04
2024-04-21 14:55:00,1.9,7.98,74.9,13.04
2024-04-21 13:00:00,1.84,8.12,74.89,13.11
2024-04-21 13:05:00,1.84,8.1,74.93,13.1
2024-04-21 13:10:00,1.85,8.09,75.06,13.11
2024-04-21 13:15:00,1.85,8.09,75.11,13.1
2024-04-21 13:20:00,1.85,8.08,75.11,13.09
2024-04-21 13:25:00,1.85,8.08,75.04,13.08
2024-04-21 13:30:00,1.85,8.08,74.94,12.91
2024-04-21 13:35:00,1.85,8.08,74.78,13.08
2024-04-21 13:40:00,1.85,8.09,74.72,12.85
2024-04-21 13:45:00,1.85,8.09,74.78,12.86
2024-04-21 13:50:00,1.86,8.09,74.76,13.1
2024-04-21 13:55:00,1.86,8.09,74.83,12.85
2024-04-21 11:00:00,1.83,7.85,73.65,13.29
2024-04-21 11:05:00,1.82,7.89,73.72,13.25
2024-04-21 11:10:00,1.82,7.91,73.83,13.24
2024-04-21 11:15:00,1.82,7.94,73.89,13.24
2024-04-21 11:20:00,1.82,8.0,73.9,13.23
2024-04-21 11:25:00,1.82,8.03,73.97,13.2
2024-04-21 11:30:00,1.81,8.04,74.08,13.17
2024-04-21 11:35:00,1.81,8.05,74.15,13.17
2024-04-21 11:40:00,1.82,8.01,73.86,12.95
2024-04-21 11:45:00,1.82,8.05,73.97,13.16
2024-04-21 11:50:00,1.82,8.1,74.1,13.17
2024-04-21 11:55:00,1.82,8.16,74.15,13.17
2024-04-21 10:00:00,1.85,7.2,73.32,14.21
2024-04-21 10:05:00,1.85,7.2,73.32,14.21
2024-04-21 10:10:00,1.85,7.23,73.4,14.37
2024-04-21 10:15:00,1.84,7.28,73.37,14.38
2024-04-21 10:20:00,1.84,7.35,73.33,14.38
2024-04-21 10:25:00,1.84,7.43,73.31,14.38
2024-04-21 10:30:00,1.84,7.53,73.32,13.74
2024-04-21 10:35:00,1.84,7.66,73.33,13.62
2024-04-21 10:40:00,1.83,7.7,73.36,13.5
2024-04-21 10:45:00,1.83,7.76,73.43,13.49
2024-04-21 10:50:00,1.83,7.82,73.47,13.44
2024-04-21 10:55:00,1.83,7.85,73.56,13.36
2024-04-21 09:00:00,1.87,6.69,72.68,14.35
2024-04-21 09:05:00,1.87,6.72,72.71,14.34
2024-04-21 09:10:00,1.87,6.76,72.76,14.35
2024-04-21 09:15:00,1.87,6.8,72.81,14.35
2024-04-21 09:20:00,1.86,6.84,72.83,14.35
2024-04-21 09:25:00,1.86,6.89,72.85,14.35
2024-04-21 09:30:00,1.86,6.94,72.87,14.36
2024-04-21 09:35:00,1.86,6.99,72.9,14.23
2024-04-21 09:40:00,1.86,7.04,72.9,14.37
2024-04-21 09:45:00,1.85,7.09,72.93,14.37
2024-04-21 09:50:00,1.85,7.12,72.99,14.36
2024-04-21 09:55:00,1.85,7.14,73.07,14.36
2024-04-21 06:00:00,1.95,6.15,70.58,12.71
2024-04-21 06:05:00,1.95,6.15,70.58,12.71
2024-04-21 06:10:00,1.95,6.15,70.65,12.73
2024-04-21 06:15:00,1.95,6.14,70.72,12.73
2024-04-21 06:20:00,1.94,6.14,70.83,12.74
2024-04-21 06:25:00,1.94,6.14,70.92,12.75
2024-04-21 06:30:00,1.94,6.14,71.01,12.75
2024-04-21 06:35:00,1.94,6.14,71.08,12.78
2024-04-21 06:40:00,1.93,6.15,71.12,12.81
2024-04-21 06:45:00,1.93,6.15,71.21,12.84
2024-04-21 06:50:00,1.93,6.15,71.28,12.87
2024-04-21 06:55:00,1.92,6.16,71.36,12.91
2024-04-21 05:00:00,1.98,6.26,69.58,12.74
2024-04-21 05:05:00,1.98,6.25,69.64,12.73
2024-04-21 05:10:00,1.98,6.24,69.71,12.74
2024-04-21 05:15:00,1.98,6.22,69.79,12.74
2024-04-21 05:20:00,1.97,6.22,69.86,12.74
2024-04-21 05:25:00,1.97,6.21,69.96,12.74
2024-04-21 05:30:00,1.97,6.2,70.03,12.73
2024-04-21 05:35:00,1.97,6.19,70.1,12.74
2024-04-21 05:40:00,1.96,6.18,70.18,12.74
2024-04-21 05:45:00,1.96,6.17,70.22,12.74
2024-04-21 05:50:00,1.96,6.17,70.32,12.74
2024-04-21 05:55:00,1.95,6.16,70.4,12.73
2024-04-21 04:00:00,2.01,6.34,69.01,12.74
2024-04-21 04:05:00,2.01,6.34,69.01,12.74
2024-04-21 04:10:00,2.01,6.34,69.08,12.75
2024-04-21 04:15:00,2.01,6.33,69.14,12.75
2024-04-21 04:20:00,2.0,6.33,69.18,12.75
2024-04-21 04:25:00,2.0,6.32,69.24,12.75
2024-04-21 04:30:00,2.0,6.31,69.26,12.74
2024-04-21 04:35:00,2.0,6.3,69.33,12.75
2024-04-21 04:40:00,1.99,6.29,69.39,12.75
2024-04-21 04:45:00,1.99,6.29,69.43,12.74
2024-04-21 04:50:00,1.99,6.28,69.46,12.74
2024-04-21 04:55:00,1.99,6.27,69.53,12.74
2024-04-21 00:00:00,2.05,6.35,65.58,12.77
2024-04-21 00:05:00,2.05,6.35,65.58,12.77
2024-04-21 00:10:00,2.04,6.35,65.72,12.78
2024-04-21 00:15:00,2.04,6.35,65.85,12.78
2024-04-21 00:20:00,2.04,6.35,66.0,12.78
2024-04-21 00:25:00,2.03,6.35,66.14,12.78
2024-04-21 00:30:00,2.03,6.36,66.29,12.77
2024-04-21 00:35:00,2.03,6.36,66.46,12.77
2024-04-21 00:40:00,2.02,6.36,66.6,12.77
2024-04-21 00:45:00,2.02,6.36,66.76,12.77
2024-04-21 00:50:00,2.01,6.37,66.92,12.77
2024-04-21 00:55:00,2.01,6.37,67.07,12.77
2024-04-20 19:00:00,2.35,7.29,59.5,12.87
2024-04-20 19:05:00,2.35,7.27,59.56,12.87
2024-04-20 19:10:00,2.34,7.24,59.66,12.87
2024-04-20 19:15:00,2.34,7.21,59.74,12.87
2024-04-20 19:20:00,2.33,7.17,59.8,12.87
2024-04-20 19:25:00,2.33,7.14,59.82,12.86
2024-04-20 19:30:00,2.33,7.1,59.85,12.85
2024-04-20 19:35:00,2.32,7.07,59.91,12.86
2024-04-20 19:40:00,2.32,7.04,59.94,12.85
2024-04-20 19:45:00,2.31,7.01,59.94,12.85
2024-04-20 19:50:00,2.31,6.98,59.96,12.85
2024-04-20 19:55:00,2.31,6.95,60.01,12.84
2024-04-20 17:00:00,2.34,7.53,62.09,12.96
2024-04-20 17:05:00,2.36,7.53,61.89,12.96
2024-04-20 17:10:00,2.38,7.52,61.64,12.96
2024-04-20 17:15:00,2.39,7.52,61.35,12.96
2024-04-20 17:20:00,2.4,7.52,61.1,12.95
2024-04-20 17:25:00,2.41,7.52,60.85,12.95
2024-04-20 17:30:00,2.42,7.52,60.55,12.94
2024-04-20 17:35:00,2.42,7.52,60.27,12.94
2024-04-20 17:40:00,2.42,7.51,59.93,12.94
2024-04-20 17:45:00,2.43,7.51,59.68,12.94
2024-04-20 17:50:00,2.43,7.5,59.46,12.92
2024-04-20 17:55:00,2.42,7.49,59.34,12.92
2024-04-20 16:00:00,2.2,7.63,65.04,12.98
2024-04-20 16:05:00,2.2,7.63,65.04,12.98
2024-04-20 16:10:00,2.2,7.61,64.65,12.98
2024-04-20 16:15:00,2.21,7.6,64.36,12.98
2024-04-20 16:20:00,2.22,7.58,64.04,12.98
2024-04-20 16:25:00,2.23,7.56,63.71,12.98
2024-04-20 16:30:00,2.24,7.54,63.55,12.96
2024-04-20 16:35:00,2.26,7.53,63.34,12.98
2024-04-20 16:40:00,2.28,7.53,63.1,12.96
2024-04-20 16:45:00,2.3,7.53,62.85,12.96
2024-04-20 16:50:00,2.32,7.53,62.57,12.96
2024-04-20 16:55:00,2.33,7.53,62.34,12.96
2024-04-20 15:00:00,2.12,7.73,76.64,13.0
2024-04-20 15:05:00,2.13,7.75,75.61,13.0
2024-04-20 15:10:00,2.14,7.75,74.4,13.0
2024-04-20 15:15:00,2.15,7.76,73.26,13.0
2024-04-20 15:20:00,2.15,7.77,72.22,13.0
2024-04-20 15:25:00,2.16,7.77,71.17,13.0
2024-04-20 15:30:00,2.17,7.79,70.17,13.0
2024-04-20 15:35:00,2.18,7.79,69.24,13.0
2024-04-20 15:40:00,2.18,7.77,68.36,13.0
2024-04-20 15:45:00,2.19,7.73,67.5,13.0
2024-04-20 15:50:00,2.19,7.69,66.68,12.99
2024-04-20 15:55:00,2.19,7.66,66.01,12.99
2024-04-20 13:00:00,1.51,8.05,91.6,13.08
2024-04-20 13:05:00,1.53,7.99,91.2,13.07
2024-04-20 13:10:00,1.56,7.98,91.3,13.08
2024-04-20 13:15:00,1.59,7.98,91.4,13.09
2024-04-20 13:20:00,1.64,7.98,91.5,13.09
2024-04-20 13:25:00,1.71,7.96,91.4,13.09
2024-04-20 13:30:00,1.73,7.91,90.9,13.08
2024-04-20 13:35:00,1.75,7.86,90.4,13.04
2024-04-20 13:40:00,1.75,7.83,89.8,13.07
2024-04-20 13:45:00,1.75,7.79,89.5,13.07
2024-04-20 13:50:00,1.76,7.75,89.0,13.07
2024-04-20 13:55:00,1.78,7.7,88.3,13.07
2024-04-20 12:00:00,1.5,8.16,91.8,12.99
2024-04-20 12:05:00,1.5,8.16,91.8,12.99
2024-04-20 12:10:00,1.49,8.17,91.9,13.16
2024-04-20 12:15:00,1.49,8.2,92.0,13.15
2024-04-20 12:20:00,1.49,8.2,92.1,13.14
2024-04-20 12:25:00,1.49,8.2,92.2,13.13
2024-04-20 12:30:00,1.49,8.2,92.3,13.12
2024-04-20 12:35:00,1.49,8.18,92.3,13.12
2024-04-20 12:40:00,1.49,8.18,92.4,13.11
2024-04-20 12:45:00,1.49,8.17,92.5,13.1
2024-04-20 12:50:00,1.49,8.17,92.5,13.1
2024-04-20 12:55:00,1.5,8.1,92.0,13.1
2024-04-20 11:00:00,1.51,7.21,91.9,13.37
2024-04-20 11:05:00,1.51,7.29,91.9,13.31
2024-04-20 11:10:00,1.51,7.31,92.0,13.29
2024-04-20 11:15:00,1.5,7.34,92.0,13.27
2024-04-20 11:20:00,1.5,7.47,91.9,13.28
2024-04-20 11:25:00,1.5,7.72,91.8,13.71
2024-04-20 11:30:00,1.5,7.93,91.7,13.56
2024-04-20 11:35:00,1.5,8.03,91.6,13.49
2024-04-20 11:40:00,1.5,8.1,91.6,13.42
2024-04-20 11:45:00,1.5,8.1,91.6,13.33
2024-04-20 11:50:00,1.5,8.1,91.7,13.28
2024-04-20 11:55:00,1.5,8.1,91.8,13.25
2024-04-20 09:00:00,1.52,6.0,92.1,14.37
2024-04-20 09:05:00,1.52,6.03,92.2,14.37
2024-04-20 09:10:00,1.52,6.09,92.2,14.38
2024-04-20 09:15:00,1.52,6.14,92.2,14.38
2024-04-20 09:20:00,1.52,6.13,92.2,14.36
2024-04-20 09:25:00,1.52,6.14,92.3,14.36
2024-04-20 09:30:00,1.52,6.17,92.3,14.37
2024-04-20 09:35:00,1.52,6.2,92.3,14.36
2024-04-20 09:40:00,1.52,6.23,92.3,13.96
2024-04-20 09:45:00,1.52,6.27,92.2,14.38
2024-04-20 09:50:00,1.52,6.31,92.2,14.03
2024-04-20 09:55:00,1.52,6.35,92.1,14.32
2024-04-20 07:00:00,1.55,5.71,91.5,13.04
2024-04-20 07:05:00,1.54,5.71,91.6,13.12
2024-04-20 07:10:00,1.54,5.71,91.6,13.17
2024-04-20 07:15:00,1.54,5.71,91.7,13.2
2024-04-20 07:20:00,1.54,5.71,91.7,13.19
2024-04-20 07:25:00,1.54,5.71,91.8,13.16
2024-04-20 07:30:00,1.54,5.71,91.8,13.11
2024-04-20 07:35:00,1.54,5.71,91.9,13.09
2024-04-20 07:40:00,1.54,5.7,91.9,13.08
2024-04-20 07:45:00,1.53,5.69,92.0,13.1
2024-04-20 07:50:00,1.53,5.69,92.1,13.11
2024-04-20 07:55:00,1.53,5.69,92.2,13.15
2024-04-20 04:00:00,1.59,5.84,89.2,12.81
2024-04-20 04:05:00,1.59,5.84,89.2,12.81
2024-04-20 04:10:00,1.59,5.84,89.3,12.83
2024-04-20 04:15:00,1.58,5.84,89.4,12.83
2024-04-20 04:20:00,1.58,5.83,89.5,12.82
2024-04-20 04:25:00,1.58,5.83,89.5,12.82
2024-04-20 04:30:00,1.58,5.82,89.6,12.81
2024-04-20 04:35:00,1.58,5.81,89.7,12.82
2024-04-20 04:40:00,1.58,5.81,89.8,12.82
2024-04-20 04:45:00,1.58,5.8,89.8,12.82
2024-04-20 04:50:00,1.58,5.8,89.8,12.82
2024-04-20 04:55:00,1.57,5.79,89.9,12.82
2024-04-20 03:00:00,1.6,5.77,88.3,12.83
2024-04-20 03:05:00,1.6,5.78,88.4,12.83
2024-04-20 03:10:00,1.6,5.78,88.5,12.84
2024-04-20 03:15:00,1.6,5.79,88.5,12.84
2024-04-20 03:20:00,1.6,5.8,88.6,12.84
2024-04-20 03:25:00,1.6,5.8,88.7,12.83
2024-04-20 03:30:00,1.6,5.81,88.8,12.83
2024-04-20 03:35:00,1.59,5.82,88.8,12.83
2024-04-20 03:40:00,1.59,5.83,88.9,12.83
2024-04-20 03:45:00,1.59,5.84,88.9,12.83
2024-04-20 03:50:00,1.59,5.84,89.0,12.83
2024-04-20 03:55:00,1.59,5.84,89.1,12.83
2024-04-20 01:00:00,1.64,5.84,86.4,12.88
2024-04-20 01:05:00,1.64,5.83,86.5,12.87
2024-04-20 01:10:00,1.64,5.83,86.5,12.86
2024-04-20 01:15:00,1.64,5.82,86.6,12.88
2024-04-20 01:20:00,1.64,5.81,86.7,12.64
2024-04-20 01:25:00,1.63,5.8,86.8,12.88
2024-04-20 01:30:00,1.63,5.79,86.9,12.87
2024-04-20 01:35:00,1.63,5.78,87.0,12.87
2024-04-20 01:40:00,1.63,5.77,87.2,12.87
2024-04-20 01:45:00,1.63,5.76,87.2,12.87
2024-04-20 01:50:00,1.62,5.77,87.2,12.87
2024-04-20 01:55:00,1.62,5.77,87.4,12.86
2024-04-20 00:00:00,1.66,5.97,85.2,12.9
2024-04-20 00:05:00,1.66,5.97,85.2,12.9
2024-04-20 00:10:00,1.66,5.96,85.3,12.88
2024-04-20 00:15:00,1.66,5.94,85.4,12.87
2024-04-20 00:20:00,1.66,5.93,85.5,12.63
2024-04-20 00:25:00,1.66,5.92,85.6,12.9
2024-04-20 00:30:00,1.65,5.91,85.8,12.89
2024-04-20 00:35:00,1.65,5.89,85.9,12.89
2024-04-20 00:40:00,1.65,5.89,86.0,12.89
2024-04-20 00:45:00,1.65,5.87,86.1,12.89
2024-04-20 00:50:00,1.65,5.86,86.3,12.89
2024-04-20 00:55:00,1.64,5.85,86.3,12.89
2024-01-11 23:00:00,1.7,6.2,83.8,12.92
2024-01-11 23:05:00,1.69,6.18,83.9,12.92
2024-01-11 23:10:00,1.69,6.16,84.0,12.92
2024-01-11 23:15:00,1.69,6.14,84.1,12.92
2024-01-11 23:20:00,1.68,6.12,84.2,12.92
2024-01-11 23:25:00,1.68,6.1,84.3,12.92
2024-01-11 23:30:00,1.68,6.08,84.4,12.91
2024-01-11 23:35:00,1.68,6.06,84.6,12.92
2024-01-11 23:40:00,1.67,6.05,84.7,12.92
2024-01-11 23:45:00,1.67,6.03,84.8,12.91
2024-01-11 23:50:00,1.67,6.01,84.9,12.91
2024-01-11 23:55:00,1.67,6.0,85.0,12.91
2024-01-11 20:00:00,1.82,6.93,79.0,13.0
2024-01-11 20:05:00,1.82,6.93,79.0,13.0
2024-01-11 20:10:00,1.82,6.91,79.15,13.0
2024-01-11 20:15:00,1.81,6.9,79.33,13.02
2024-01-11 20:20:00,1.81,6.88,79.46,13.0
2024-01-11 20:25:00,1.8,6.86,79.6,13.0
2024-01-11 20:30:00,1.8,6.84,79.74,13.0
2024-01-11 20:35:00,1.79,6.82,79.83,13.0
2024-01-11 20:40:00,1.79,6.8,79.9,13.0
2024-01-11 20:45:00,1.78,6.78,80.2,13.0
2024-01-11 20:50:00,1.78,6.76,80.3,12.99
2024-01-11 20:55:00,1.78,6.74,80.4,12.99
2024-01-11 19:00:00,1.89,7.22,76.5,13.06
2024-01-11 19:05:00,1.88,7.19,76.78,13.06
2024-01-11 19:10:00,1.88,7.16,77.04,13.06
2024-01-11 19:15:00,1.87,7.13,77.31,13.06
2024-01-11 19:20:00,1.86,7.11,77.51,13.04
2024-01-11 19:25:00,1.86,7.08,77.75,13.04
2024-01-11 19:30:00,1.85,7.06,77.93,13.04
2024-01-11 19:35:00,1.85,7.04,78.08,13.04
2024-01-11 19:40:00,1.84,7.02,78.22,13.04
2024-01-11 19:45:00,1.84,7.0,78.42,13.03
2024-01-11 19:50:00,1.83,6.98,78.61,13.03
2024-01-11 19:55:00,1.83,6.97,78.76,13.03
2024-01-11 17:00:00,2.06,7.47,71.76,14.38
2024-01-11 17:05:00,2.06,7.47,72.04,14.38
2024-01-11 17:10:00,2.05,7.46,72.21,14.38
2024-01-11 17:15:00,2.04,7.46,72.32,14.38
2024-01-11 17:20:00,2.03,7.46,72.44,14.38
2024-01-11 17:25:00,2.02,7.46,72.57,14.38
2024-01-11 17:30:00,2.01,7.46,72.76,14.38
2024-01-11 17:35:00,2.0,7.46,72.9,14.38
2024-01-11 17:40:00,2.0,7.46,73.01,14.15
2024-01-11 17:45:00,1.99,7.46,73.19,13.81
2024-01-11 17:50:00,1.98,7.45,73.36,13.66
2024-01-11 17:55:00,1.97,7.44,73.57,13.5
2024-01-11 16:00:00,2.17,7.35,71.58,14.38
2024-01-11 16:05:00,2.17,7.35,71.58,14.38
2024-01-11 16:10:00,2.16,7.36,71.53,14.38
2024-01-11 16:15:00,2.14,7.38,71.4,14.38
2024-01-11 16:20:00,2.13,7.4,71.39,14.38
2024-01-11 16:25:00,2.13,7.41,71.43,14.38
2024-01-11 16:30:00,2.12,7.42,71.44,14.38
2024-01-11 16:35:00,2.11,7.43,71.5,14.38
2024-01-11 16:40:00,2.1,7.44,71.51,14.38
2024-01-11 16:45:00,2.09,7.45,71.56,14.38
2024-01-11 16:50:00,2.08,7.46,71.64,14.38
2024-01-11 16:55:00,2.07,7.47,71.71,14.38
2024-01-11 13:00:00,1.97,6.82,90.1,14.38
2024-01-11 13:05:00,1.99,6.82,89.6,14.38
2024-01-11 13:10:00,2.0,6.83,89.0,14.38
2024-01-11 13:15:00,2.01,6.83,88.5,14.38
2024-01-11 13:20:00,2.02,6.83,87.9,14.38
2024-01-11 13:25:00,2.03,6.84,87.3,14.39
2024-01-11 13:30:00,2.05,6.84,86.6,14.38
2024-01-11 13:35:00,2.06,6.84,86.0,14.39
2024-01-11 13:40:00,2.07,6.85,85.3,14.39
2024-01-11 13:45:00,2.09,6.86,84.6,14.38
2024-01-11 13:50:00,2.1,6.87,84.0,14.38
2024-01-11 13:55:00,2.12,6.88,83.3,14.38
2024-01-11 09:00:00,1.41,6.29,112.9,13.4
2024-01-11 09:05:00,1.43,6.3,112.7,13.42
2024-01-11 09:10:00,1.44,6.3,112.4,13.48
2024-01-11 09:15:00,1.45,6.31,112.1,13.52
2024-01-11 09:20:00,1.46,6.31,112.0,13.52
2024-01-11 09:25:00,1.47,6.32,111.7,13.52
2024-01-11 09:30:00,1.48,6.33,111.4,13.48
2024-01-11 09:35:00,1.49,6.33,111.1,13.48
2024-01-11 09:40:00,1.5,6.33,110.7,13.49
2024-01-11 09:45:00,1.51,6.34,110.3,13.2
2024-01-11 09:50:00,1.52,6.34,109.9,13.52
2024-01-11 09:55:00,1.53,6.35,109.5,13.54
2024-01-11 08:00:00,1.3,6.26,114.7,12.92
2024-01-11 08:05:00,1.3,6.26,114.7,12.92
2024-01-11 08:10:00,1.3,6.26,114.6,12.95
2024-01-11 08:15:00,1.31,6.26,114.3,12.95
2024-01-11 08:20:00,1.32,6.27,114.2,12.96
2024-01-11 08:25:00,1.33,6.27,114.0,12.98
2024-01-11 08:30:00,1.34,6.27,113.8,13.03
2024-01-11 08:35:00,1.35,6.27,113.6,13.09
2024-01-11 08:40:00,1.36,6.28,113.6,13.16
2024-01-11 08:45:00,1.37,6.28,113.4,13.27
2024-01-11 08:50:00,1.39,6.29,113.2,13.36
2024-01-11 08:55:00,1.4,6.29,113.0,13.39
2024-01-11 06:00:00,1.25,6.23,116.1,12.84
2024-01-11 06:05:00,1.25,6.23,116.1,12.84
2024-01-11 06:10:00,1.25,6.24,119.6,12.85
2024-01-11 06:15:00,1.25,6.24,116.8,12.85
2024-01-11 06:20:00,1.25,6.24,116.2,12.85
2024-01-11 06:25:00,1.25,6.24,115.7,12.85
2024-01-11 06:30:00,1.26,6.24,117.4,12.85
2024-01-11 06:35:00,1.26,6.24,116.9,12.87
2024-01-11 06:40:00,1.26,6.24,116.7,12.88
2024-01-11 06:45:00,1.26,6.25,116.8,12.89
2024-01-11 06:50:00,1.26,6.25,116.9,12.9
2024-01-11 06:55:00,1.26,6.25,117.0,12.89
2024-01-11 05:00:00,1.25,6.21,116.2,12.85
2024-01-11 05:05:00,1.25,6.21,116.1,12.85
2024-01-11 05:10:00,1.25,6.22,116.1,12.86
2024-01-11 05:15:00,1.25,6.22,116.2,12.85
2024-01-11 05:20:00,1.25,6.22,116.2,12.85
2024-01-11 05:25:00,1.26,6.22,116.2,12.85
2024-01-11 05:30:00,1.26,6.22,116.0,12.85
2024-01-11 05:35:00,1.25,6.22,116.0,12.86
2024-01-11 05:40:00,1.25,6.22,116.0,12.86
2024-01-11 05:45:00,1.25,6.23,116.1,12.85
2024-01-11 05:50:00,1.25,6.23,116.0,12.85
2024-01-11 05:55:00,1.25,6.23,116.0,12.85
2024-01-11 04:00:00,1.23,6.18,116.4,12.86
2024-01-11 04:05:00,1.23,6.18,116.4,12.86
2024-01-11 04:10:00,1.23,6.18,116.4,12.87
2024-01-11 04:15:00,1.23,6.18,116.4,12.87
2024-01-11 04:20:00,1.23,6.19,116.3,12.87
2024-01-11 04:25:00,1.23,6.19,116.2,12.87
2024-01-11 04:30:00,1.23,6.19,116.2,12.86
2024-01-11 04:35:00,1.23,6.2,116.1,12.86
2024-01-11 04:40:00,1.24,6.2,116.1,12.86
2024-01-11 04:45:00,1.24,6.2,116.0,12.86
2024-01-11 04:50:00,1.24,6.21,116.2,12.86
2024-01-11 04:55:00,1.24,6.21,116.2,12.86
2024-01-11 03:00:00,1.23,6.18,116.4,12.87
2024-01-11 03:05:00,1.23,6.17,116.4,12.87
2024-01-11 03:10:00,1.23,6.17,116.4,12.88
2024-01-11 03:15:00,1.23,6.17,116.4,12.88
2024-01-11 03:20:00,1.23,6.17,116.3,12.88
2024-01-11 03:25:00,1.23,6.17,116.3,12.88
2024-01-11 03:30:00,1.23,6.17,116.3,12.87
2024-01-11 03:35:00,1.23,6.17,116.4,12.88
2024-01-11 03:40:00,1.23,6.17,116.4,12.87
2024-01-11 03:45:00,1.23,6.17,116.3,12.87
2024-01-11 03:50:00,1.23,6.17,116.3,12.87
2024-01-11 03:55:00,1.23,6.17,116.4,12.87
2024-01-11 02:00:00,1.23,6.23,116.4,12.88
2024-01-11 02:05:00,1.23,6.23,116.4,12.88
2024-01-11 02:10:00,1.23,6.21,116.6,12.89
2024-01-11 02:15:00,1.23,6.2,116.4,12.55
2024-01-11 02:20:00,1.23,6.19,116.3,12.57
2024-01-11 02:25:00,1.23,6.19,116.4,12.89
2024-01-11 02:30:00,1.23,6.18,116.4,12.88
2024-01-11 02:35:00,1.23,6.18,116.4,12.89
2024-01-11 02:40:00,1.23,6.18,116.4,12.89
2024-01-11 02:45:00,1.23,6.18,116.4,12.88
2024-01-11 02:50:00,1.23,6.18,116.3,12.88
2024-01-11 02:55:00,1.23,6.18,116.3,12.88
2024-04-18 20:00:00,1.23,7.61,115.7,13.0
2024-04-18 20:05:00,1.23,7.61,115.7,13.0
2024-04-18 20:10:00,1.23,7.59,115.7,13.0
2024-04-18 20:15:00,1.23,7.57,115.8,13.0
2024-04-18 20:20:00,1.23,7.55,115.8,13.0
2024-04-18 20:25:00,1.23,7.54,115.9,13.0
2024-04-18 20:30:00,1.22,7.52,115.9,13.0
2024-04-18 20:35:00,1.23,7.51,116.0,13.0
2024-04-18 20:40:00,1.22,7.5,116.0,13.0
2024-04-18 20:45:00,1.23,7.48,116.0,13.0
2024-04-18 20:50:00,1.23,7.46,115.9,13.0
2024-04-18 20:55:00,1.23,7.45,116.0,12.99
2024-01-11 01:00:00,1.23,6.49,116.2,12.91
2024-01-11 01:05:00,1.23,6.48,116.4,12.9
2024-01-11 01:10:00,1.23,6.46,116.4,12.91
2024-01-11 01:15:00,1.23,6.45,116.3,12.91
2024-01-11 01:20:00,1.23,6.43,116.4,12.91
2024-01-11 01:25:00,1.23,6.4,116.4,12.91
2024-01-11 01:30:00,1.23,6.38,116.4,12.81
2024-01-11 01:35:00,1.23,6.36,116.4,12.9
2024-01-11 01:40:00,1.23,6.34,116.4,12.9
2024-01-11 01:45:00,1.23,6.31,116.4,12.9
2024-01-11 01:50:00,1.23,6.29,116.5,12.9
2024-01-11 01:55:00,1.23,6.27,116.4,12.9
2024-01-11 00:00:00,1.23,6.67,116.4,12.91
2024-01-11 00:05:00,1.23,6.67,116.4,12.91
2024-01-11 00:10:00,1.23,6.66,116.4,12.92
2024-01-11 00:15:00,1.23,6.64,116.5,12.92
2024-01-11 00:20:00,1.23,6.62,116.5,12.92
2024-01-11 00:25:00,1.23,6.6,116.7,12.92
2024-01-11 00:30:00,1.23,6.58,116.5,12.91
2024-01-11 00:35:00,1.23,6.57,116.5,12.92
2024-01-11 00:40:00,1.23,6.55,116.4,12.92
2024-01-11 00:45:00,1.23,6.54,116.3,12.92
2024-01-11 00:50:00,1.23,6.52,116.5,12.92
2024-01-11 00:55:00,1.23,6.51,116.4,12.91
2024-04-18 23:00:00,1.23,6.95,116.0,12.95
2024-04-18 23:05:00,1.23,6.92,116.1,12.94
2024-04-18 23:10:00,1.23,6.89,116.0,12.95
2024-04-18 23:15:00,1.23,6.87,116.2,12.95
2024-04-18 23:20:00,1.23,6.84,116.2,12.95
2024-04-18 23:25:00,1.23,6.81,116.4,12.94
2024-04-18 23:30:00,1.23,6.79,116.2,12.92
2024-04-18 23:35:00,1.23,6.76,116.3,12.94
2024-04-18 23:40:00,1.23,6.74,116.4,12.94
2024-04-18 23:45:00,1.23,6.73,116.4,12.94
2024-04-18 23:50:00,1.23,6.71,116.3,12.94
2024-04-18 23:55:00,1.23,6.7,116.4,12.92
2024-04-18 21:00:00,1.23,7.43,116.0,12.99
2024-04-18 21:05:00,1.23,7.42,116.0,12.98
2024-04-18 21:10:00,1.23,7.4,116.1,12.99
2024-04-18 21:15:00,1.23,7.39,116.0,12.99
2024-04-18 21:20:00,1.23,7.38,115.8,12.99
2024-04-18 21:25:00,1.23,7.37,115.9,12.98
2024-04-18 21:30:00,1.23,7.36,115.9,12.96
2024-04-18 21:35:00,1.23,7.35,115.9,12.96
2024-04-18 21:40:00,1.23,7.34,115.9,12.98
2024-04-18 21:45:00,1.23,7.32,115.9,12.67
2024-04-18 21:50:00,1.23,7.31,115.9,12.96
2024-04-18 21:55:00,1.23,7.3,115.9,12.96
2024-04-18 18:00:00,1.22,8.05,114.6,13.09
2024-04-18 18:05:00,1.22,8.05,114.6,13.09
2024-04-18 18:10:00,1.22,8.04,114.7,13.09
2024-04-18 18:15:00,1.22,8.01,114.8,13.08
2024-04-18 18:20:00,1.22,8.01,114.8,13.08
2024-04-18 18:25:00,1.22,7.99,114.8,13.08
2024-04-18 18:30:00,1.22,7.97,114.8,13.07
2024-04-18 18:35:00,1.22,7.95,114.9,13.07
2024-04-18 18:40:00,1.22,7.93,115.0,13.07
2024-04-18 18:45:00,1.22,7.92,115.0,13.06
2024-04-18 18:50:00,1.22,7.9,115.1,13.06
2024-04-18 18:55:00,1.22,7.89,115.2,13.06
2024-04-18 17:00:00,1.22,8.21,113.9,13.29
2024-04-18 17:05:00,1.22,8.2,114.0,13.25
2024-04-18 17:10:00,1.22,8.2,114.1,13.21
2024-04-18 17:15:00,1.22,8.18,114.1,13.2
2024-04-18 17:20:00,1.22,8.17,114.1,13.19
2024-04-18 17:25:00,1.22,8.17,114.2,13.17
2024-04-18 17:30:00,1.22,8.16,114.2,13.17
2024-04-18 17:35:00,1.22,8.13,114.3,13.16
2024-04-18 17:40:00,1.22,8.13,114.4,13.15
2024-04-18 17:45:00,1.22,8.12,114.4,13.13
2024-04-18 17:50:00,1.22,8.09,114.5,13.12
2024-04-18 17:55:00,1.22,8.09,114.5,13.11
2024-04-18 16:00:00,1.23,8.32,113.5,14.37
2024-04-18 16:05:00,1.23,8.32,113.5,14.37
2024-04-18 16:10:00,1.23,8.3,113.5,14.37
2024-04-18 16:15:00,1.23,8.3,113.6,14.37
2024-04-18 16:20:00,1.23,8.29,113.6,14.37
2024-04-18 16:25:00,1.23,8.29,113.6,14.37
2024-04-18 16:30:00,1.23,8.29,113.6,14.37
2024-04-18 16:35:00,1.23,8.29,113.6,13.79
2024-04-18 16:40:00,1.23,8.28,113.7,13.6
2024-04-18 16:45:00,1.23,8.26,113.8,13.66
2024-04-18 16:50:00,1.23,8.25,113.6,13.46
2024-04-18 16:55:00,1.23,8.22,113.8,13.35
2024-04-18 15:00:00,1.23,8.22,113.2,14.37
2024-04-18 15:05:00,1.23,8.21,113.3,14.37
2024-04-18 15:10:00,1.23,8.22,113.3,14.37
2024-04-18 15:15:00,1.23,8.25,113.2,14.37
2024-04-18 15:20:00,1.23,8.26,113.2,14.37
2024-04-18 15:25:00,1.23,8.3,113.1,14.37
2024-04-18 15:30:00,1.23,8.3,113.1,14.37
2024-04-18 15:35:00,1.23,8.32,113.2,14.37
2024-04-18 15:40:00,1.23,8.34,113.2,14.37
2024-04-18 15:45:00,1.23,8.34,113.2,14.37
2024-04-18 15:50:00,1.23,8.33,113.4,14.37
2024-04-18 15:55:00,1.23,8.33,113.4,14.37
2024-04-18 14:00:00,1.23,8.09,113.4,14.36
2024-04-18 14:05:00,1.23,8.09,113.4,14.36
2024-04-18 14:10:00,1.23,8.07,113.6,14.37
2024-04-18 14:15:00,1.23,8.05,113.7,14.36
2024-04-18 14:20:00,1.23,8.04,113.7,14.36
2024-04-18 14:25:00,1.23,8.05,113.8,14.36
2024-04-18 14:30:00,1.23,8.08,113.6,14.37
2024-04-18 14:35:00,1.23,8.12,113.5,14.37
2024-04-18 14:40:00,1.23,8.13,113.4,14.37
2024-04-18 14:45:00,1.23,8.14,113.4,14.37
2024-04-18 14:50:00,1.23,8.17,113.3,14.37
2024-04-18 14:55:00,1.23,8.21,113.2,14.37
2024-04-18 13:00:00,1.23,7.78,113.8,14.37
2024-04-18 13:05:00,1.23,7.8,113.7,14.37
2024-04-18 13:10:00,1.23,7.82,113.7,14.37
2024-04-18 13:15:00,1.23,7.84,113.7,14.37
2024-04-18 13:20:00,1.23,7.87,113.7,14.37
2024-04-18 13:25:00,1.23,7.91,113.6,14.37
2024-04-18 13:30:00,1.23,7.93,113.6,14.37
2024-04-18 13:35:00,1.23,7.94,113.6,14.37
2024-04-18 13:40:00,1.23,7.98,113.6,14.37
2024-04-18 13:45:00,1.23,8.05,113.4,14.37
2024-04-18 13:50:00,1.23,8.08,113.3,14.37
2024-04-18 13:55:00,1.23,8.08,113.5,14.37
2024-04-18 10:00:00,1.23,7.28,113.5,14.35
2024-04-18 10:05:00,1.23,7.28,113.5,14.35
2024-04-18 10:10:00,1.23,7.3,113.5,14.36
2024-04-18 10:15:00,1.23,7.35,113.4,14.37
2024-04-18 10:20:00,1.23,7.39,113.3,14.36
2024-04-18 10:25:00,1.23,7.41,113.2,14.36
2024-04-18 10:30:00,1.23,7.42,113.2,14.35
2024-04-18 10:35:00,1.23,7.41,113.5,14.12
2024-04-18 10:40:00,1.23,7.41,113.6,14.36
2024-04-18 10:45:00,1.23,7.44,113.4,14.37
2024-04-18 10:50:00,1.23,7.47,113.3,14.37
2024-04-18 10:55:00,1.23,7.52,113.3,14.37
2024-04-18 08:00:00,1.23,6.7,114.9,13.65
2024-04-18 08:05:00,1.23,6.7,114.9,13.65
2024-04-18 08:10:00,1.23,6.72,114.8,13.66
2024-04-18 08:15:00,1.23,6.74,114.8,14.32
2024-04-18 08:20:00,1.23,6.76,114.9,14.13
2024-04-18 08:25:00,1.23,6.78,114.8,14.34
2024-04-18 08:30:00,1.23,6.8,114.8,14.12
2024-04-18 08:35:00,1.23,6.82,114.7,14.2
2024-04-18 08:40:00,1.23,6.85,114.6,14.32
2024-04-18 08:45:00,1.23,6.88,114.5,14.34
2024-04-18 08:50:00,1.23,6.93,114.4,14.34
2024-04-18 08:55:00,1.23,6.96,114.2,14.33
2024-04-18 07:00:00,1.23,6.54,115.8,13.12
2024-04-18 07:05:00,1.23,6.55,115.7,13.21
2024-04-18 07:10:00,1.23,6.55,115.6,13.19
2024-04-18 07:15:00,1.23,6.56,115.7,13.14
2024-04-18 07:20:00,1.23,6.56,115.7,13.12
2024-04-18 07:25:00,1.23,6.57,115.7,13.19
2024-04-18 07:30:00,1.23,6.58,115.6,13.33
2024-04-18 07:35:00,1.23,6.59,115.6,13.5
2024-04-18 07:40:00,1.23,6.62,115.5,13.69
2024-04-18 07:45:00,1.23,6.64,115.3,13.99
2024-04-18 07:50:00,1.23,6.66,115.2,13.94
2024-04-18 07:55:00,1.23,6.68,115.0,13.75
2024-04-18 06:00:00,1.23,6.53,116.0,12.66
2024-04-18 06:05:00,1.23,6.53,116.0,12.66
2024-04-18 06:10:00,1.23,6.52,116.0,12.67
2024-04-18 06:15:00,1.23,6.52,116.0,12.67
2024-04-18 06:20:00,1.23,6.52,115.9,12.67
2024-04-18 06:25:00,1.23,6.52,115.9,12.67
2024-04-18 06:30:00,1.23,6.52,115.9,12.7
2024-04-18 06:35:00,1.23,6.52,115.8,12.75
2024-04-18 06:40:00,1.23,6.52,115.8,12.77
2024-04-18 06:45:00,1.23,6.52,115.8,12.77
2024-04-18 06:50:00,1.23,6.52,115.8,12.86
2024-04-18 06:55:00,1.23,6.53,115.8,12.95
2024-04-18 05:00:00,1.23,6.58,116.0,12.67
2024-04-18 05:05:00,1.23,6.58,116.0,12.67
2024-04-18 05:10:00,1.23,6.57,116.0,12.69
2024-04-18 05:15:00,1.23,6.55,116.1,12.67
2024-04-18 05:20:00,1.23,6.54,116.0,12.67
2024-04-18 05:25:00,1.23,6.54,116.0,12.67
2024-04-18 05:30:00,1.23,6.54,116.6,12.67
2024-04-18 05:35:00,1.23,6.54,116.0,12.67
2024-04-18 05:40:00,1.23,6.54,116.1,12.67
2024-04-18 05:45:00,1.23,6.54,115.9,12.67
2024-04-18 05:50:00,1.23,6.54,115.9,12.67
2024-04-18 05:55:00,1.23,6.53,116.0,12.67
2024-04-18 04:00:00,1.23,6.61,115.9,12.69
2024-04-18 04:05:00,1.23,6.61,115.9,12.69
2024-04-18 04:10:00,1.23,6.61,115.9,12.69
2024-04-18 04:15:00,1.23,6.61,115.9,12.7
2024-04-18 04:20:00,1.23,6.61,115.9,12.69
2024-04-18 04:25:00,1.23,6.6,115.9,12.69
2024-04-18 04:30:00,1.23,6.59,115.9,12.69
2024-04-18 04:35:00,1.23,6.59,115.9,12.69
2024-04-18 04:40:00,1.23,6.59,115.9,12.69
2024-04-18 04:45:00,1.23,6.59,116.0,12.69
2024-04-18 04:50:00,1.23,6.59,116.1,12.69
2024-04-18 04:55:00,1.23,6.58,116.0,12.67
2024-04-18 09:00:00,1.23,6.97,114.1,14.33
2024-04-18 09:05:00,1.23,6.99,114.2,14.33
2024-04-18 09:10:00,1.23,7.0,114.0,14.34
2024-04-18 09:15:00,1.23,7.02,114.0,14.34
2024-04-18 09:20:00,1.23,7.04,113.9,14.34
2024-04-18 09:25:00,1.23,7.08,113.8,14.35
2024-04-18 09:30:00,1.23,7.12,113.5,14.35
2024-04-18 09:35:00,1.23,7.14,113.4,14.34
2024-04-18 09:40:00,1.23,7.15,113.6,14.35
2024-04-18 09:45:00,1.23,7.17,113.5,14.36
2024-04-18 09:50:00,1.23,7.21,113.6,13.94
2024-04-18 09:55:00,1.23,7.24,113.6,14.36
2024-04-18 03:00:00,1.23,6.64,115.7,12.71
2024-04-18 03:05:00,1.23,6.64,115.7,12.7
2024-04-18 03:10:00,1.23,6.64,115.7,12.71
2024-04-18 03:15:00,1.23,6.64,115.7,12.71
2024-04-18 03:20:00,1.23,6.64,115.8,12.71
2024-04-18 03:25:00,1.23,6.63,115.8,12.71
2024-04-18 03:30:00,1.23,6.63,115.9,12.7
2024-04-18 03:35:00,1.23,6.63,115.9,12.71
2024-04-18 03:40:00,1.23,6.63,115.9,12.71
2024-04-18 03:45:00,1.23,6.62,115.9,12.71
2024-04-18 03:50:00,1.23,6.62,116.0,12.7
2024-04-18 03:55:00,1.23,6.62,115.9,12.7
2024-04-18 02:00:00,1.23,6.72,115.8,12.71
2024-04-18 02:05:00,1.23,6.72,115.8,12.71
2024-04-18 02:10:00,1.23,6.72,115.8,12.71
2024-04-18 02:15:00,1.23,6.71,115.7,12.73
2024-04-18 02:20:00,1.23,6.7,115.7,12.71
2024-04-18 02:25:00,1.23,6.69,115.8,12.71
2024-04-18 02:30:00,1.23,6.68,115.8,12.71
2024-04-18 02:35:00,1.23,6.67,115.9,12.71
2024-04-18 02:40:00,1.23,6.66,115.8,12.71
2024-04-18 02:45:00,1.23,6.66,115.9,12.71
2024-04-18 02:50:00,1.23,6.65,115.9,12.71
2024-04-18 02:55:00,1.23,6.65,115.8,12.71
2024-04-18 00:00:00,1.22,6.83,116.0,12.75
2024-04-18 00:05:00,1.22,6.83,116.0,12.75
2024-04-18 00:10:00,1.22,6.83,115.9,12.75
2024-04-18 00:15:00,1.22,6.82,116.0,12.75
2024-04-18 00:20:00,1.23,6.81,116.0,12.75
2024-04-18 00:25:00,1.22,6.81,115.9,12.75
2024-04-18 00:30:00,1.23,6.8,115.9,12.75
2024-04-18 00:35:00,1.23,6.79,115.9,12.75
2024-04-18 00:40:00,1.23,6.79,115.8,12.75
2024-04-18 00:45:00,1.23,6.79,115.9,12.75
2024-04-18 00:50:00,1.23,6.78,116.0,12.74
2024-04-18 00:55:00,1.23,6.78,115.9,12.75
2024-04-18 01:00:00,1.22,6.78,115.8,12.74
2024-04-18 01:05:00,1.23,6.78,115.9,12.73
2024-04-18 01:10:00,1.23,6.77,115.9,12.74
2024-04-18 01:15:00,1.23,6.77,116.0,12.45
2024-04-18 01:20:00,1.23,6.76,116.0,12.45
2024-04-18 01:25:00,1.23,6.76,115.9,12.74
2024-04-18 01:30:00,1.23,6.76,115.8,12.45
2024-04-18 01:35:00,1.23,6.76,115.9,12.74
2024-04-18 01:40:00,1.23,6.75,115.8,12.73
2024-04-18 01:45:00,1.23,6.75,115.8,12.74
2024-04-18 01:50:00,1.23,6.74,115.9,12.73
2024-04-18 01:55:00,1.23,6.74,115.9,12.73
2024-04-17 20:00:00,1.22,7.6,115.8,12.87
2024-04-17 20:05:00,1.22,7.6,115.8,12.87
2024-04-17 20:10:00,1.22,7.58,115.9,12.88
2024-04-17 20:15:00,1.22,7.57,115.7,12.87
2024-04-17 20:20:00,1.22,7.55,115.8,12.87
2024-04-17 20:25:00,1.22,7.53,115.9,12.87
2024-04-17 20:30:00,1.22,7.51,115.9,12.86
2024-04-17 20:35:00,1.22,7.49,115.8,12.86
2024-04-17 20:40:00,1.22,7.47,115.6,12.86
2024-04-17 20:45:00,1.22,7.46,115.6,12.86
2024-04-17 20:50:00,1.22,7.44,115.7,12.85
2024-04-17 20:55:00,1.22,7.42,115.6,12.85
2024-04-17 18:00:00,1.21,8.26,114.8,12.92
2024-04-17 18:05:00,1.21,8.26,114.8,12.92
2024-04-17 18:10:00,1.21,8.22,114.7,12.94
2024-04-17 18:15:00,1.21,8.18,114.9,12.92
2024-04-17 18:20:00,1.22,8.14,114.9,12.92
2024-04-17 18:25:00,1.22,8.1,115.0,12.92
2024-04-17 18:30:00,1.22,8.05,115.0,12.92
2024-04-17 18:35:00,1.22,8.01,115.1,12.92
2024-04-17 18:40:00,1.22,7.97,115.2,12.92
2024-04-17 18:45:00,1.22,7.93,115.2,12.92
2024-04-17 18:50:00,1.22,7.9,115.0,12.91
2024-04-17 18:55:00,1.22,7.88,115.1,12.91
2024-04-17 17:00:00,1.21,8.64,115.0,12.98
2024-04-17 17:05:00,1.21,8.62,115.1,12.96
2024-04-17 17:10:00,1.21,8.58,115.4,12.96
2024-04-17 17:15:00,1.21,8.55,115.5,12.96
2024-04-17 17:20:00,1.21,8.51,115.4,12.96
2024-04-17 17:25:00,1.21,8.49,115.4,12.96
2024-04-17 17:30:00,1.21,8.46,115.8,12.95
2024-04-17 17:35:00,1.21,8.42,115.8,12.95
2024-04-17 17:40:00,1.21,8.39,115.8,12.95
2024-04-17 17:45:00,1.21,8.38,115.3,12.95
2024-04-17 17:50:00,1.21,8.35,114.7,12.95
2024-04-17 17:55:00,1.21,8.33,114.7,12.95
2024-04-17 16:00:00,1.21,8.89,114.5,13.02
2024-04-17 16:05:00,1.21,8.89,114.5,13.02
2024-04-17 16:10:00,1.21,8.88,114.6,13.03
2024-04-17 16:15:00,1.21,8.87,114.4,13.02
2024-04-17 16:20:00,1.21,8.84,114.6,13.0
2024-04-17 16:25:00,1.21,8.83,114.7,13.02
2024-04-17 16:30:00,1.21,8.84,114.7,13.03
2024-04-17 16:35:00,1.21,8.82,114.9,13.0
2024-04-17 16:40:00,1.21,8.76,114.9,12.99
2024-04-17 16:45:00,1.21,8.72,115.0,12.99
2024-04-17 16:50:00,1.21,8.7,115.2,12.98
2024-04-17 16:55:00,1.21,8.67,115.0,12.99
2024-04-17 15:00:00,1.21,9.13,113.6,13.06
2024-04-17 15:05:00,1.21,9.12,113.7,13.04
2024-04-17 15:10:00,1.21,9.09,113.9,13.04
2024-04-17 15:15:00,1.21,9.08,113.9,13.04
2024-04-17 15:20:00,1.21,9.09,113.9,13.06
2024-04-17 15:25:00,1.21,9.08,113.8,13.04
2024-04-17 15:30:00,1.21,9.05,113.9,13.04
2024-04-17 15:35:00,1.21,9.04,114.2,13.04
2024-04-17 15:40:00,1.21,9.01,114.0,13.04
2024-04-17 15:45:00,1.21,9.0,114.1,13.04
2024-04-17 15:50:00,1.21,8.99,114.1,13.04
2024-04-17 15:55:00,1.21,8.96,114.2,13.03
2024-04-17 14:00:00,1.2,9.3,112.8,13.1
2024-04-17 14:05:00,1.2,9.3,112.8,13.1
2024-04-17 14:10:00,1.2,9.29,112.9,12.84
2024-04-17 14:15:00,1.2,9.26,113.0,12.81
2024-04-17 14:20:00,1.2,9.22,113.1,13.04
2024-04-17 14:25:00,1.21,9.21,113.3,13.07
2024-04-17 14:30:00,1.2,9.18,113.5,13.07
2024-04-17 14:35:00,1.2,9.17,113.5,13.07
2024-04-17 14:40:00,1.2,9.17,113.6,13.07
2024-04-17 14:45:00,1.2,9.17,113.6,13.07
2024-04-17 14:50:00,1.21,9.16,113.5,13.06
2024-04-17 14:55:00,1.21,9.13,113.5,13.06
2024-04-17 21:00:00,1.22,7.4,115.7,12.85
2024-04-17 21:05:00,1.22,7.37,115.9,12.84
2024-04-17 21:10:00,1.22,7.35,116.0,12.85
2024-04-17 21:15:00,1.22,7.32,116.0,12.84
2024-04-17 21:20:00,1.22,7.3,116.0,12.85
2024-04-17 21:25:00,1.22,7.28,116.0,12.84
2024-04-17 21:30:00,1.22,7.26,116.1,12.83
2024-04-17 21:35:00,1.22,7.24,116.0,12.83
2024-04-17 21:40:00,1.22,7.23,116.0,12.5
2024-04-17 21:45:00,1.22,7.21,116.0,12.83
2024-04-17 21:50:00,1.22,7.18,116.0,12.83
2024-04-17 21:55:00,1.22,7.16,116.1,12.83
2024-04-17 11:00:00,1.22,8.01,113.2,13.25
2024-04-17 11:05:00,1.22,8.09,113.1,13.24
2024-04-17 11:10:00,1.22,8.13,113.1,13.23
2024-04-17 11:15:00,1.22,8.1,113.2,13.21
2024-04-17 11:20:00,1.22,8.1,113.1,13.19
2024-04-17 11:25:00,1.22,8.1,113.2,13.17
2024-04-17 11:30:00,1.22,8.14,113.2,13.19
2024-04-17 11:35:00,1.22,8.2,113.2,13.17
2024-04-17 11:40:00,1.22,8.21,113.2,12.88
2024-04-17 11:45:00,1.22,8.22,113.9,13.17
2024-04-17 11:50:00,1.22,8.26,113.6,13.19
2024-04-17 11:55:00,1.22,8.33,113.5,13.19
2024-04-17 13:00:00,1.21,9.46,112.2,13.29
2024-04-17 13:05:00,1.21,9.42,112.3,13.24
2024-04-17 13:10:00,1.21,9.32,112.3,13.19
2024-04-17 13:15:00,1.21,9.29,112.6,13.19
2024-04-17 13:20:00,1.21,9.32,112.6,13.21
2024-04-17 13:25:00,1.21,9.34,112.4,12.92
2024-04-17 13:30:00,1.21,9.37,112.2,13.17
2024-04-17 13:35:00,1.21,9.35,112.4,13.15
2024-04-17 13:40:00,1.21,9.33,112.7,13.14
2024-04-17 13:45:00,1.21,9.32,112.8,13.13
2024-04-17 13:50:00,1.21,9.32,112.6,13.13
2024-04-17 13:55:00,1.21,9.33,112.5,13.13
2024-04-17 12:00:00,1.22,8.38,113.5,12.9
2024-04-17 12:05:00,1.22,8.38,113.5,12.9
2024-04-17 12:10:00,1.22,8.45,113.4,12.96
2024-04-17 12:15:00,1.22,8.49,113.3,13.2
2024-04-17 12:20:00,1.21,8.59,113.2,13.21
2024-04-17 12:25:00,1.22,8.84,112.9,13.35
2024-04-17 12:30:00,1.22,9.07,112.6,13.32
2024-04-17 12:35:00,1.22,9.04,112.6,13.28
2024-04-17 12:40:00,1.22,9.09,112.3,13.32
2024-04-17 12:45:00,1.22,9.13,112.2,13.27
2024-04-17 12:50:00,1.22,9.12,112.3,13.24
2024-04-17 12:55:00,1.21,9.26,112.4,13.37
2024-04-17 10:00:00,1.23,7.44,113.8,14.34
2024-04-17 10:05:00,1.23,7.44,113.8,14.34
2024-04-17 10:10:00,1.23,7.54,113.8,13.54
2024-04-17 10:15:00,1.23,7.64,113.7,13.52
2024-04-17 10:20:00,1.23,7.75,113.6,13.5
2024-04-17 10:25:00,1.23,7.85,113.6,13.42
2024-04-17 10:30:00,1.23,7.88,113.5,13.33
2024-04-17 10:35:00,1.23,7.93,113.3,13.37
2024-04-17 10:40:00,1.23,7.95,113.4,13.25
2024-04-17 10:45:00,1.23,7.91,113.6,13.21
2024-04-17 10:50:00,1.23,7.87,113.7,13.21
2024-04-17 10:55:00,1.23,7.88,113.7,13.21
2024-04-17 08:00:00,1.23,6.18,116.0,14.21
2024-04-17 08:05:00,1.23,6.18,116.0,14.21
2024-04-17 08:10:00,1.23,6.21,115.9,14.32
2024-04-17 08:15:00,1.23,6.24,115.8,14.34
2024-04-17 08:20:00,1.23,6.26,115.8,14.35
2024-04-17 08:25:00,1.23,6.29,115.7,14.37
2024-04-17 08:30:00,1.23,6.32,115.7,14.34
2024-04-17 08:35:00,1.23,6.34,115.6,14.34
2024-04-17 08:40:00,1.23,6.37,115.6,14.35
2024-04-17 08:45:00,1.23,6.43,115.3,14.35
2024-04-17 08:50:00,1.23,6.5,115.0,14.35
2024-04-17 08:55:00,1.23,6.55,115.0,14.36
2024-04-17 07:00:00,1.23,6.09,116.6,12.94
2024-04-17 07:05:00,1.23,6.09,116.6,12.96
2024-04-17 07:10:00,1.23,6.09,116.5,13.0
2024-04-17 07:15:00,1.23,6.08,116.4,13.06
2024-04-17 07:20:00,1.23,6.08,116.4,13.13
2024-04-17 07:25:00,1.23,6.08,116.5,13.19
2024-04-17 07:30:00,1.23,6.09,116.2,13.25
2024-04-17 07:35:00,1.23,6.11,116.2,13.29
2024-04-17 07:40:00,1.23,6.12,116.3,13.29
2024-04-17 07:45:00,1.23,6.14,116.3,13.5
2024-04-17 07:50:00,1.23,6.15,116.2,13.54
2024-04-17 07:55:00,1.23,6.16,116.2,13.66
